domain,url
example.com,https://www.hackerone.com/programs/example
acme-corp.com,https://www.hackerone.com/programs/acme-corp
security-test.org,https://www.hackerone.com/programs/security-test
web-security.com,https://www.hackerone.com/programs/web-security
cloud-services.io,https://www.hackerone.com/programs/cloud-services
tech-company.net,https://www.hackerone.com/programs/tech-company
secure-portal.co,https://www.hackerone.com/programs/secure-portal
cybersecurity.ltd,https://www.hackerone.com/programs/cybersecurity
api-platform.dev,https://www.hackerone.com/programs/api-platform
mobile-apps.com,https://www.hackerone.com/programs/mobile-apps